{"temp": 24.707851562500004, "hum": 44.594329833984375}